{
    "category": "Metadata",
    "changelog": "### New features and improvements ###\n- chore: plugin images (#5) @h1dden-da3m0n\n\n### Dependency updates ###\n- chore(deps): bump release-drafter/release-drafter from v5.14.0 to v5.15.0 (#4) @dependabot\n\n### CI & build changes ###\n- Update ci (#9) @h1dden-da3m0n\n- Create release prep PR on release draft update (#7) @oddstr13\n- Add analyzers and remove all warnings (#3) @crobibero\n- Let there be CI (#2) @oddstr13",
    "description": "This plugin provides images from the Cover Art Archive https://musicbrainz.org/doc/Cover_Art_Archive and depends on the MusicBrainz metadata provider to know what images belong where\n",
    "guid": "8119f3c6-cfc2-4d9c-a0ba-028f1d93e526",
    "imageUrl": "https://repo.jellyfin.org/releases/plugin/images/jellyfin-plugin-coverartarchive.png",
    "name": "Cover Art Archive",
    "overview": "MusicBrainz Cover Art Archive",
    "owner": "jellyfin",
    "targetAbi": "10.7.0.0",
    "timestamp": "2021-07-31T19:50:21Z",
    "version": "4.0.0.0"
}