{
    "category": "Metadata",
    "changelog": "Initial release. - Add album image provider - Add artist image provider\n",
    "description": "This is an experimental image provider for album and artists, which fetches images from Apple Music. THIS HAS NO RATE LIMITING, SO YOU'RE LIKELY TO GET A BUNCH OF TIMEOUTS.\n",
    "guid": "a9f62a44-fea5-46c3-ac26-55abba29c7c8",
    "image": "image.png",
    "name": "Apple Music",
    "overview": "Provides album and artist images from Apple Music",
    "owner": "MrTimscampi",
    "targetAbi": "10.7.0.0",
    "timestamp": "2021-03-21T01:07:01Z",
    "version": "1.0.0.0"
}